geo,name,1900,1901,1902,1903,1904,1905,1906,1907,1908,1909,1910,1911,1912,1913,1914,1915,1916,1917,1918,1919,1920,1921,1922,1923,1924,1925,1926,1927,1928,1929,1930,1931,1932,1933,1934,1935,1936,1937,1938,1939,1940,1941,1942,1943,1944,1945,1946,1947,1948,1949,1950,1951,1952,1953,1954,1955,1956,1957,1958,1959,1960,1961,1962,1963,1964,1965,1966,1967,1968,1969,1970,1971,1972,1973,1974,1975,1976,1977,1978,1979,1980,1981,1982,1983,1984,1985,1986,1987,1988,1989,1990,1991,1992,1993,1994,1995,1996,1997,1998,1999,2000,2001,2002,2003,2004,2005,2006,2007,2008,2009,2010,2011,2012,2013,2014,2015,2016,2017,2018,2019,2020
afg,Afghanistan,,,,,,,,,,,,,,,,,,,,,,,,,,,,,,,,,,,,,,,,,,,,,,,,,,,,,,,,,,,,,,,,,,,,,,,,,,,,,,,7500,,,,,6580,,,,,,,,9400,,1000,,7610,750,750,45000,31275,,250,10000,4250,2700,6775,8210,3480,180,3250,1000,9700,2680,,10000,45100,,1650,,7775,8525
ago,Angola,,,,,,,,,,,,,,,,,,,,,,,,,,,,,,,,,,,,,,,,,,,,,,,,,,,,,,,,,,,,,,,,,,,,,,,,,,,,,,,,,,,,,,,,,,,,,,,,,,,,,9000,,,825,1700,10000,225,6000,,5065,78875,100,,,,2000,5155,3750,,4535,
alb,Albania,,,,,,,,,,,,,,,,,,,,,,,,,,,,,,,,,,,,,,,,,,,,,,,,,,,,,,,,,,,,,,,,,,,,,,,,,,,,,,,,,,,5000,,,1340,,,,,,,,,,,,,,,,,,,,,,75,,150,,,,,,,,,,,
are,UAE,,,,,,,,,,,,,,,,,,,,,,,,,,,,,,,,,,,,,,,,,,,,,,,,,,,,,,,,,,,,,,,,,,,,,,,,,,,,,,,,,,,,,,,,,,,,,,,,,,,,,,,,,,,,,,,,,,,,,,,,,
arg,Argentina,,,,,,,,,,,,,,,,,,,,,,,,,,,,,,,,,,,,,,,,,,,,,,,,,,,,,,,,,,,,,,,,,,,,70000,,,,,,,,,,40000,,,,,,250000,,56000,60000,750,,,,1200,88074,4000,,,,,,,8230,2000,200,20000,,200,,5000,,,,,2000,,,,,,,,
arm,Armenia,,,,,,,,,,,,,,,,,,,,,,,,,,,,,,,,,,,,,,,,,,,,,,,,,,,,,,,,,,,,,,,,,,,,,,,,,,,,,,,,,,,,,,,,,,,,,,,,,,,144,,,,,,,,,,,,,,,,,,,,,,
atg,Antigua and Barbuda,,,,,,,,,,,,,,,,,,,,,,,,,,,,,,,,,,,,,,,,,,,,,,,,,,,,,,,,,,,,,,,,,,,,,,,,,,,,,,,,,,,,,,,,,,530,,,,,,3537,,,2000,1439,,,,,,,,,,,,,,,,,,,,,
aus,Australia,,,,,,,,,,,,,,,,,,,,,,,,,,,,,,,,,,,,,,,,3900,,,,,2100,,,,,,,,,,,,,,,,,,,,,,,,1200,,,,,1000,,,,,,,,,,11000,,,1000,,,,,18,,5545,1340,200,1730,,,672,,,249,30,,,7141,90,,,,,,,258,6501,540,114,,6927,
aut,Austria,,,,,,,,,,,,,,,,,,,,,,,,,,,,,,,,,,,,,,,,,,,,,,,,,,,,,,,,,,,,,,,,,,,,,,,,,,,,,,,,,,,,,,,,,,,,,,,,,,,,,,,,,,,,,,,,,,,,,,,,,
aze,Azerbaijan,,,,,,,,,,,,,,,,,,,,,,,,,,,,,,,,,,,,,,,,,,,,,,,,,,,,,,,,,,,,,,,,,,,,,,,,,,,,,,,,,,,,,,,,,,,,,,,,156000,,,,8400,,,,1500,,,,,,,,,6949,,,,,,,,
bdi,Burundi,,,,,,,,,,,,,,,,,,,,,,,,,,,,,,,,,,,,,,,,,,,,,,,,,,,,,,,,,,,,,,,,,,,,,,,,,,,,,,,,,,,,,,,,,,,,,,,,,,,,,500,,,,25620,5000,9305,23000,,,1500,,,,12500,2870,,810,,,
bel,Belgium,,,,,,,,,,,,,,,,,,,,,,,,,,,,,,,,,,,,,,,,,,,,,,,,,,,,,,,,,,,,,,,,,,,,,,,,,,,,,,,,,,,,,,,,,,,,,,,,,,,,,,,,,,,,,,,,,,,,,,,,,
ben,Benin,,,,,,,,,,,,,,,,,,,,,,,,,,,,,,,,,,,,,,,,,,,,,,,,,,,,,,,,,,,,,,,,,,,,,,,,,,,,,,,3000,,,,80000,,,130000,,,16000,,,,,,20000,8000,826,,20000,10469,,,,,,,,884,,,150000,,,2759,,,,,,,
bfa,Burkina Faso,,,,,,,,,,,,,,,,,,,,,,,,,,,,,,,,,,,,,,,,,,,,,,,,,,,,,,,,,,,,,,,,,,,,,,,,,,,,,,900,,,,,,,,572,,,10000,,,,,,,,,,,760,,,,12120,,,10000,28000,4292,,,,21000,,,,7032,,,,3500
bgd,Bangladesh,,,,,,,,,,,,,,,,,,,,,,,,25000,,,,,,,,,,,,,,,,,,,,,,,,,,,,,,,,,,,,,,,,,,5000000,300000,,878724,23943,,,,10000,2000000,,,,,,,25000,25000,100000,,510000,420000,,2000000,,,500000,85000,180000,275000,482000,,1100000,,139000,85500,,1000,,14000,21500,2400,225,35638,,,,55000,,4000,,119700,9300,,10000,
bgr,Bulgaria,,,,,,,,,,,,,,,,,,,,,,,,,,,,,,,,,,,,,,,,,,,,,,,,,,,,,,,,,,,,,,,,,,,,,,,,,,,,,,,,,,,,,,,3000,,,,,,,,,,,,,850,150,,,,,,,,,,,,,,1260,,,,,,
bhr,Bahrain,,,,,,,,,,,,,,,,,,,,,,,,,,,,,,,,,,,,,,,,,,,,,,,,,,,,,,,,,,,,,,,,,,,,,,,,,,,,,,,,,,,,,,,,,,,,,,,,,,,,,,,,,,,,,,,,,,,,,,,,,
bhs,Bahamas,,,,,,,,,,,,,,,,,,,,,,,,,,,,,,,,,,,,,,,,,,,,,,,,,,,,,,,,,,,,,,,,,,,,,,,,,,,,,,,,,,,,,,,,,,,,,1700,,,,,,,,,,,,,,,,,,,,,,,,,,,,
bih,Bosnia and Herzegovina,,,,,,,,,,,,,,,,,,,,,,,,,,,,,,,,,,,,,,,,,,,,,,,,,,,,,,,,,,,,,,,,,,,,,,,,,,,,,,,,,,,,,,,,,,,,,,,,,,,,90,,,,,,,,,,,,,,,,,,,,,
blr,Belarus,,,,,,,,,,,,,,,,,,,,,,,,,,,,,,,,,,,,,,,,,,,,,,,,,,,,,,,,,,,,,,,,,,,,,,,,,,,,,,,,,,,,,,,,,,,,,,,,,,300,,,,,,,,,,,,,,,,,,,,,,,
blz,Belize,,,,,,,,,,,,,,,,,,,,,,,,,,,,,,,,,,,,,,,,,,,,,,,,,,,,,,,,,,,,,,,,,,,,,,,,,,,,,,,,,,,,,,,,,,,,,,,,,,,,,,,,,,,,,,,,,,,,,,,,,
bol,Bolivia,,,,,,,,,,,,,,,,,,,,,,,,,,,,,,,,,,,,,,,,,,,,,,,,,,,,,,,,,,,,,,,,,,,,,6000,,,,,,,,,20000,15000,,,,,,,475,50000,,,,,,40500,,,,,,6900,3400,,,,10300,,,,,,,300,,,,4800,,,,,,
bra,Brazil,,,,,,,,,,,,,,,,,,,,,,,,,,,,,,,,,,,,,,,,,,,,,,,,,,,,,,,,,,,,,,,,,,40000,29000,15400,,17384,,,,,,80000,,50000,,,,,,8000,31500,4000,14500,,20000,333944,,600,1500,,2000,35800,7000,62000,10500,,213000,12500,3000,187410,2200,10340,,,3035,3150,13000,30000,8500,43200,67500,,,,300,,
brb,Barbados,,,,,,,,,,,,,,,,,,,,,,,,,,,,,,,,,,,,,,,,,,,,,,,,,,,,,,,,,,,,,,,,,,,,,,,,,,,,,,,,,5000,,,,100,,,230,,,,,,,,,,,,,,,2000,,880,,,,,,,,,,,,,,,,
brn,Brunei,,,,,,,,,,,,,,,,,,,,,,,,,,,,,,,,,,,,,,,,,,,,,,,,,,,,,,,,,,,,,,,,,,,,,,,,,,,,,,,,,,,,,,,,,,,,,,,,,,,,,,,,,,,,,,,,,,,,,,,,,
btn,Bhutan,,,,,,,,,,,,,,,,,,,,,,,,,,,,,,,,,,,,,,,,,,,,,,,,,,,,,,,,,,,,,,,,,,,,,,,,,,,,,,,,,,,,,,,,,,,,,,,,,,,,,1000,,,,,,,,,,,,,,,,,,,,
bwa,Botswana,,,,,,,,,,,,,,,,,,,,,,,,,,,,,,,,,,,,,,,,,,,,,,,,,,,,,,,,,,,,,,,,,,,,,,,,,,,,,,,,,,,,,,,,,,,,,,,,2000,,,,,32000,,,,,,,,,,,,,,,,,,,,
caf,Central African Republic,,,,,,,,,,,,,,,,,,,,,,,,,,,,,,,,,,,,,,,,,,,,,,,,,,,,,,,,,,,,,,,,,,,,,,,,,,,,,,,,,,900,,,,,,,,,,,,,,1957,1500,,9200,25919,,3000,750,240,12698,23798,,1812,795,14835,,,3870,,,,,,,,
can,Canada,,,,,,,,,,,,200,2500,,,,,,,,,,11000,,,,,,,,,,,,,,,,,,,,,,,,,,,,,,,,,2000,,,,,,,,,,,,,,,,1500,,,,300,,,,,,,,,,800,,,,,,,,,,,12000,,,200,700,30,,,,,,,,,,7000,,,,36,,,,,
che,Switzerland,,,,,,,,,,,,,,,,,,,,,,,,,,,,,,,,,,,,,,,,,,,,,,,,,,,,,,,,,,,,,,,,,,,,,,,,,,,,,,,,,,,,,,,,,,,,,,,,,,,,,,,,,,,,,,,,,,,,,,,,,
chl,Chile,,,,,,,,,,,,,,,,,,,,,,,,,,,,,,,,,,,,,,,,,,,,,,,,,,,,,,,,,,,,,,,,,,25000,,,,,,,,,,,,16800,,,,,,,119994,500000,,86000,,,,18871,38000,1225,,575,,24000,,1000,10401,714,,285,,548,,,23000,,800000,1082,,,1638,29741,,3580,,735,
chn,China,,,,,,,,,,,,,,,,,,,,,,,,,,1500,,133370,,,,,,3600150,,,70545,,,,63730,31955,,,,,,,6000,5050,,149450,4170,,,,,,,,,,,,,,,2085,,53810,7880,,,840,,,,,,571545,100,200000,210000,16500,,18000,810290,425400,437000,145115,517891,4214100,507400,185360,6310000,1337000,6273870,927294,28447600,2449985,410124,854215,2348,1805886,684124,281000,631160,69855,414385,158450,356625,308425,48618,152540,490730,96210,85520,81215,4000,819,
civ,Cote d'Ivoire,,,,,,,,,,,,,,,,,,,,,,,,,,,,,,,,,,,,,,,,,,,,,,,,,,,,,,,,,,,,,,,,,,,,,,,,,,,,,,,,,,,,,,,,,,,,,,,,,,,,,,,,,,,,,,10000,,,,,,,,,,612,
cmr,Cameroon,,,,,,,,,,,,,,,,,,,,,,,,,,,,,,,,,,,,,,,,,,,,,,,,,,,,,,,,,,,,,,,,,,,,,,,,,,,,,,,,,,,,,,,,,,,,200,,,,,,,,1510,,1500,,100,,,,10279,1000,,3000,,31980,,,,,,,,
cod,"Congo, Dem. Rep.",,,,,,,,,,,,,,,,,,,,,,,,,,,,,,,,,,,,,,,,,,,,,,,,,,,,,,,,,,,,,,,,,,,,,168,,,,,,,,,60000,,,,,,,,,,,,,12000,,250,,50,,,9506,,13000,,,110000,21481,,6886,3600,,500,125,5730,2000,1010,,3750,100,10000,500,15743,450,
cog,"Congo, Rep.",,,,,,,,,,,,,,,,,,,,,,,,,,,,,,,,,,,,,,,,,,,,,,,,,,,,,,,,,,,,,,,,,,,,168,,,,,,,,,,,,,,,,,,,,,,,,,,,,,,,,2000,,,48000,,,2000,5000,5000,,,,,7500,,,,,,,,
col,Colombia,,,,,,,,,,,,,,,,,,,,,,,,,,,,,,,,,,,,,,,,,,,,,,,,,,,40000,,,,,,,,,,,,,,,,,,63,,105000,,,,,,,100,,2000,,,,500,,,,,,,,295,1500,375,33197,89250,310,,,506920,39000,7500,2000,60,500,,,2000,1700,593,,,8000,500,,700,2272,126,,215,
com,Comoros,,,,,,,,,,,,,,,,,,,,,,,,,,,,,,,,,,,,,,,,,,,,,,,,,,,,,,,,,,,,,,,,,,,,,,,,,,,,,,5000,,,,,,,,,,50000,,,,200,,,,,,,,,,,,300,,,,,,,,,,,,,,,,,
cpv,Cape Verde,,,,,,,,,,,,,,,,,,,,,,,,,,,,,,,,,,,,,,,,,,,,,,,,,,,,,,,,,,,,,,,,,,,,,,,,,,,,,,,,,,,,,,,,,,,,,,,,5000,,,,,,,,,,,,,,,,,,,,,,,,,
cri,Costa Rica,,,,,,,,,,,,,,,,,,,,,,,,,,,,,,,,,,,,,,,,,,,,,,,,,,,,,,,,,,,,,,,,,,,,,3280,,,,,84,,,,,,,,,,,,,,,2500,,14000,23900,,3450,556,4800,,,1700,4621,,,,,25,,,,,,,,,,,,,,,,
cub,Cuba,,,,,,,,,,,,,,,,,,,,,,,,,,,,,,,,,,,,,,,,,,,,,,,,,,,,,,,,,,,,,,,,,,,18000,,,,,,,,,,,,,,,,75000,,,22000,,,1500,,6000,,,32000,42820,,66681,,,26923,,,,,41500,,,,,,,,162746,,,,,,,,
cyp,Cyprus,,,,,,,,,,,,,,,,,,,,,,,,,,,,,,,,,,,,,,,,,,,,,,,,,,,,,,2500,,,,,,,,,,,,,,,,,,,,,,,,,,,,,,,,,,,,,,,,,,150,,,,,,,,,,,,,,,,,,,,,,,,,
cze,Czech Republic,,,,,,,,,,,,,,,,,,,,,,,,,,,,,,,,,,,,,,,,,,,,,,,,,,,,,,,,,,,,,,,,,,,,,,,,,,,,,,,,,,,,,,,,,,,,,,,,,,11973,,,,,,,,,,,,,,,,,,,,,,,
deu,Germany,,,,,,,,,,,,,,,,,,,,,,,,,,,,,,,,,,,,,,,,,,,,,,,,,,,,,,,,,,,,,,,,,,,,,,,,,,,,,,,,,,,,,,,,,,,,,,,,,,,,,,,,,,,,,,,,,,,,,,,,,
dji,Djibouti,,,,,,,,,,,,,,,,,,,,,,,,,,,,,,,,,,,,,,,,,,,,,,,,,,,,,,,,,,,,,,,,,,,,,,,,,,,,,,6000,6000,,,,,,,,,,,,,,,,20000,,,,,,,,,,1500,,,,,,,,,,,,,,,,
dma,Dominica,,,,,,,,,,,,,,,,,,,,,,,,,,,,,,,,,,,,,,,,,,,,,,,,,,,,,,,,,,,,,,,,,,,,,,,,,,,,,,,,,,,,,,,,,,,,,,,,5000,,,,315,,,,,,,,,,,,96,,,,574,,,,,
dnk,Denmark,,,,,,,,,,,,,,,,,,,,,,,,,,,,,,,,,,,,,,,,,,,,,,,,,,,,,,,,,,,,,,,,,,,,,,,,,,,,,,,,,,,,,,,,,,,,,,,,,,,,,,,,,,,,,,,,,,,,,,,,,
dom,Dominican Republic,,,,,,,,,,,,,,,,,,,,,,,,,,,,,,,,,,,,,,,,,,,,,,,,,,,,,,,,,,,,,,,,,,,5500,,,,,,,,,,,,,350000,,,,,,,,,,,,,,,,2500,1000,,120000,,,,,,2092,,,,,,,,11500,,,2450,,27,8000,,
dza,Algeria,,,,,,,,,,,,,,,,,,,,,,,,,,,,,,,,,,,,,,,,,,,,,,,,,,,,,,,129250,,,,,,1250,,,,,12000,15900,200,,,,,,61000,,,,,,,443000,,,,1470,15000,,,200,,,,2250,650,30000,,,3000,,15700,100,,,200000,,1750,150,,,2500,,,,,,,,,,,
ecu,Ecuador,,,,,,,,,,,,,,,,,,,,,,,,,,,,,,,,,,,,,,,,,,,,,,,,,,,,,,,,,,,,,,,,,,,,400,,,27992,,,30000,,,25000,,,,,,,,,,,150000,,,,,80000,,,600,15525,2009,750,2200,180,,3027,,,,,,14122,,500,,,,,,,,,15,
egy,Egypt,,,,,,,,,,,,,,,,,,,,,,,,,,,,,,,,,,,,,,,,,,,,,,,,,,,,,,,,,,,,,,,,,,,,,,535,,,,,,,,,,,,,,,,,,,,,,200,25020,,50000,3000,,,,,,,,,,,,,625,,,,,,,,,,,,
eri,Eritrea,,,,,,,,,,,,,,,,,,,,,,,,,,,,,,,,,,,,,,,,,,,,,,,,,,,,,,,,,,,,,,,,,,,,,,,,,,,,,,,,,,,,,,,,,,,,,,15659,,,,,,,,,,,,,,,,,,,,,,,,,,,
esp,Spain,,,,,,,,,,,,,,,,,,,,,,,,,,,,,,,,,,,,,,,,,,,,,,,,,,,,,,,,,,,,,,,,,,,,,,,,,,,,,,,,,,,,6000,,,,,,,,,,,,,,,,,,,,,,,,,,,,15000,,,,,,,,,
est,Estonia,,,,,,,,,,,,,,,,,,,,,,,,,,,,,,,,,,,,,,,,,,,,,,,,,,,,,,,,,,,,,,,,,,,,,,,,,,,,,,,,,,,,,,,,,,,,,,,,,,,,,,,,,,,,,,,,,,,,,,,,,
eth,Ethiopia,,,,,,,,,,,,,,,,,,,,,,,,,,,,,,,,,,,,,,,,,,,,,,,,,,,,,,,,,,,,,,,,,,,,,6000,420,,,,,,,20000,,,,,,,,,20000,,,,,,,,4800,19,,25000,,,125000,165,,,,,,,,810,,,,,,,,1000,,,,
fin,Finland,,,,,,,,,,,,,,,,,,,,,,,,,,,,,,,,,,,,,,,,,,,,,,,,,,,,,,,,,,,,,,,,,,,,,,,,,,,,,,,,,,,,,,,,,,,,,,,,,,,,,,,,,,,,,,,,,,,,,,,,,
fji,Fiji,,,,,,,,,,,,,,,,,,,,,,,,,,,,,,,,,,,,,,,,,,,,,,,,,,,,,,,,,,,,,,,,,10000,,,,,,,,,,,,,,,15000,7000,,,,,,,,,,3000,,,10000,,,,,,1772,,,,,,,,,,,,,,,,,,,,,
fra,France,,,,,,,,,,,,,,,,,,,,,,,,,,,,,,,,,,,,,,,,,,,,,,,,,,,,,,,,,,,,,,,,,,,,1020,,,,,,,,,,,,,,,,,,,,,,,,,,,,,,,,266,200,,,,,,,,600,,,,,,,,,,,,
fsm,"Micronesia, Fed. Sts.",,,,,,,,,,,,,,,,,,,,,,,,,,,,,,,,,,,,,,,,,,,,,,,,,,,,,,,,,,,,,,,,,,,,,,,,,,,,,,,,,,,,,,,,200,,,,,,,,,,,,,,,175,1000,,,,,,,,,,,,,,,,,
gab,Gabon,,,,,,,,,,,,,,,,,,,,,,,,,,,,,,,,,,,,,,,,,,,,,,,,,,,,,,,,,,,,,,,,,,,,,,,,,,,,,,,,,,,,,,,,,,,,,,,,,,,,,,,,,,,,,,800,,,,,,,,,,,
gbr,UK,,,,,,,,,,,,,,,,,,,,,,,,,,,,,,,,,,,,,,,,,,,,,,,,,,,,,,,,,,,,,,,,,,,,,,,,,,,,,,,,,,,,,,,,,,,,,,,,,,,,,,,,,,,,30000,,,,,,,,,,,,,
geo,Georgia,,,,,,,,,,,,,,,,,,,,,,,,,,,,,,,,,,,,,,,,,,,,,,,,,,,,,,,,,,,,,,,,,,,,,,,,,,,,,,,,,,,,,,,,,,,,1350,,,,,,200,,,,,1086,,90,,,,,,,,6000,,,,,,,,
gha,Ghana,,,,,,,,,,,,,,,,,,,,,,,,,,,,,,,,,,,,,,,,7500,,,,,,,,,,,,,,,,,,,,,,,,,,,,,,,,,,,,,,,,,,,,,,,,,,,,,,,,200000,,,,33000,,5000,,,,,,,,,,,,,,5000,,,,,
gin,Guinea,,,,,,,,,,,,,,,,,,,,,,,,,,,,,,,,,,,,,,,,,,,,,,,,,,,,,,,,,,,,,,,,,,,,,,,,,,,,,,,,,,,,,,,,,,,,,,,,,,,,,,,,,777,,,,,,,4000,,,,,,,,,
gmb,Gambia,,,,,,,,,,,,,,,,,,,,,,,,,,,,,,,,,,,,,,,,,,,,,,,,,,,,,,,,,,,,,,,,,,,,,,,,,,5000,,,,,,,,,,,,,,,,,,,,,,,,,,5000,,,,,,,,,400,,,,,,,,,,,,
gnb,Guinea-Bissau,,,,,,,,,,,,,,,,,,,,,,,,,,,,,,,,,,,,,,,,,,,,,,,,,,,,,,,,,,,,,,,,,,,,,,,,,,,,,,,,,,,,,,,,3700,,,,,,,,,,,300,,,,,,1000,,,,750,,,,,,,,,,,,
gnq,Equatorial Guinea,,,,,,,,,,,,,,,,,,,,,,,,,,,,,,,,,,,,,,,,,,,,,,,,,,,,,,,,,,,,,,,,,,,,,,,,,,,,,,,,,,,,,,,,,,,,,,,,,,,,,,,,,,,,,,,,,,,,,,,,,
grc,Greece,,,,,,,,,,,,,,,,,,,,,,,,,,,,,,,,,12318,,,,,,,,,,,,,,,35000,1220,,,,,138865,,1377,,,,,,,,,,,,,3600,,,,,,,,,,,,,,,,,,,,,,,,,,,6300,,,300,108,90,,,,,,,3735,,325,,,,,,,,,,,
grd,Grenada,,,,,,,,,,,,,,,,,,,,,,,,,,,,,,,,,,,,,,,,,,,,,,,,,,,,,,,,,,,,,,,,,,,,,,,,,,,,,,,,,,,,,,,,,,,,,,,,,,,,,,,,,,,,,,,,,,,,,,,,,
gtm,Guatemala,,,,,,,,,,,,,,,,,,,,,,,,,,,,,,,,,,,,,,,,,,,,,,,,,,,,,,,,,,,,,,,,,,,,,,,,,,,,,1166000,,,,,,,,,3500,,,1550,,,,,,,280,,,,3775,250,,460,,,,,,,991,50640,,,,9830,,,494,,,886
guy,Guyana,,,,,,,,,,,,,,,,,,,,,,,,,,,,,,,,,,,,,,,,,,,,,,,,,,,,,,,,,,,,,,,,,,,,,,,,,,,,,,,,,,,,,,,,,,,,,,,,,10000,,,,,,,,,,,,,,,,,,,,,,,,
hnd,Honduras,,,,,,,,,,,,,,,,,,,,,,,,,,,,,,,,,,,,,,,,,,,,,,,,,,,,,,,,,,,,,,,,,,,,,,,,,,,,,,,7500,,,,,,,,,,925,,6000,,,,15500,,,,,3000,,25270,144,,,800,,1865,,,7998,,,,,,,50,,,
hrv,Croatia,,,,,,,,,,,,,,,,,,,,,,,,,,,,,,,,,,,,,,,,,,,,,,,,,,,,,,,,,,,,,,,,,,,,,,,,,,,,,,,,,,,,,,,,,,,,,,,,,2000,,,,,,,,,,,,,,,,,,,,,,21,,18915
hti,Haiti,,,,,,,,,,,,,,,,,,,,,,,,,,,,,,,,,,,,,,,,,,,,,,,,,,,,,,,,,,,,,,,,,,,,,,,,,,,,,,,,,835000,,,,,,13200,,200,1000,,,,,87000,,115,,,50,1200,,,12470,16548,185,,16109,30,9910,,540,33330,33265,,1966,2780,342,,150,
hun,Hungary,,,,,,,,,,,,,,,,,,,,,,,,,,,,,,,,,,,,,,,,,,,,,,,,,,,,,,,,,,,,,,,,,,,,,,,,,,,,,,,,,,,,,,,,,,,,,,,,,200,,,2054,,,,,9,,,,,,,,,,,,,,,,
idn,Indonesia,,,,,,,,,,,,,,,,,,,,,,,,,11250,,,,,,,,3325,,,,845,,4710,,,,,,,,,,,,,,,,,,,,475,,,,,,,,,58290,,6435,,,,,,,,,15000,32000,3800,11000,2000,,20000,,50000,1800,2500,5500,,1000,104345,,11330,45685,18090,,2750,2700,61145,29600,,140,532898,,708365,46675,2920,,4830,10095,3845,,7250,175,8920,2235,70000,5880,70
ind,India,,,,,,,,,,,,,,,,,,,,,,,,,,,,,2000,,,,,,,,,,,,,,,,,2000,,,,,,,,,,375000,77000,,,,,2000,,,,,,,,,352000,2000000,,,,7002000,,5432400,,10000,,,,14000,10000,450000,2850000,,,2000,2000,400000,500,120000,62500,1117285,100000,32000,,805500,252000,1792000,5200,236345,105000,464000,4150000,,2400000,4000,907000,325000,,,650200,54097,2000000,60100,223050,,
irl,Ireland,,,,,,,,,,,,,,,,,,,,,,,,,,,,,,,,,,,,,,,,,,,,,,,,,,,,,,,,,,,,,,,,,,,,,,,,,,,,,,,,,,,,,,,,,,,,,,,,,,,,,,,,,,,,,,,,,,,,,,,,,
irn,Iran,,,,,,,,,,,,,,,,,,,,,,,,,,,,,,,,,,,,,,,,,,,,,,,,,,,,,,,,,,,,,,,,,,,,,,,,,,,,,,,,,150000,,,375,,,,,,200,106310,15000,6500,15000,,250,2000,64000,16000,4070,6000,,4500,67130,4000,1750,,,,,3500,,,1500,12000,2000,2000,1845,3000,2000,
irq,Iraq,,,,,,,,,,,,,,,,,,,,,,,,,,,,,,,,,,,,,,,,,,,,,,,,,,,,,,,,,,,,,,,,,,,,60000,,,,,,,,,,,,,,,,,,,,,,,,500,,,,,,,,,,,,,,,,,600,,,2000,,,,,,,,,
isl,Iceland,,,,,,,,,,,,,,,,,,,,,,,,,,,,,,,,,,,,,,,,,,,,,,,,,,,,,,,,,,,,,,,,,,,,,,,,,,,,,,,,,,,,,,,,,,,,,,,,,,,,,69,,,,,,,,,,,,,,,,,,,,
isr,Israel,,,,,,,,,,,,,,,,,,,,,,,,,,,,,,,,,,,,,,,,,,,,,,,,,,,,,,,,,,,,,,,,,,,,,,,,,,,,,,,,,,,,,,,,,,,,,,,,,,,,,,,,,,,,,,,,,,,,,,,,,
ita,Italy,,,,,,20100,,,,,,,,,669,,,,,,,,,,,,,,,,,,,,,,,,,,,,,,14000,,,,,,,173500,,4000,5466,,,,,,,,30000,,,,1300000,,3000,,1650,,,,,,137000,,,5000,,,,1000,4300,,,,,,2500,,,,10300,,,38000,219,,,,9500,,,,,,,60000,,,14700,,1000,,,,,,
jam,Jamaica,,,,,,,,,,,,,94820,,,,,,,,,,,1300,,,,,,,,,,,,,,,,,2000,,,,2000,,,,,,,,,,,,,,,,,,,,,,,,,,,,,,,,,,,50000,,,,,,300,,,,,,1340,,82,,,800,,,,,200,,,,,,1188,,,,,,,,,,,,,
jor,Jordan,,,,,,,,,,,,,,,,,,,,,,,,,,,,,,,,,,,,,,,,,,,,,,,,,,,,,,,,,,,,,,,,,,,2500,,,,,,,,,,,,,,,,,,,,,,,,,,,,,,,,,,,,,,,,,,,,,,,,,,,,,,
jpn,Japan,,24,,,,,,,,2928,,1266,,,1920,,,,,,,,,,,9999,,46782,,,24297,,,,,,,,,1437,,,,23217,78438,21663,,,315000,,,,339,,,,,,,,,,,,,,,,,,,,,,,,,8000,3255,,2000,22500,145000,1100,,,,,,,507,351,,1620,,251301,264,,,7011,312,12,,219,5800,,99,40668,,,,,,,150,,23991,300,,,
kaz,Kazakhstan,,,,,,,,,,,,,,,,,,,,,,,,,,,,,,,,,,,,,,,,,,,,,,,,,,,,,,,,,,,,,,,,,,,,,,,,,,,,,,,,,,,,,,,,,,,,,,,,,,,,,,,,,,,,,,,5000,3762,,,,,,,,,
ken,Kenya,,,,,,,,,,,,,,,,,,,,,,,,,,,,,,,,,,,,,,,,,,,,,,,,,,,,,,,,,,,,,,,,,,,,,,,,,,,,,,,,,,,,,,,,,,,,,,,,,1000,,200,,,,,,,,,,,,,5000,,,,,1000,,,120,
kgz,Kyrgyz Republic,,,,,,,,,,,,,,,,,,,,,,,,,,,,,,,,,,,,,,,,,,,,,,,,,,,,,,,,,,,,,,,,,,,,,,,,,,,,,,,,,,,,,,,,,,,,,32538,,13500,,,30,7728,,,,522,53,80,2050,50,,1055,,,,,,,5290,,55,,,
khm,Cambodia,,,,,,,,,,,,,,,,,,,,,,,,,,,,,,,,,,,,,,,,,,,,,,,,,,,,,,,,,,,,,,,,,,,,,,,,,,,,,,,,,,,,,,,,,,,,250000,,,,,,,,25805,,,,,,,,,,,,,,,57950,,,,,,
kir,Kiribati,,,,,,,,,,,,,,,,,,,,,,,,,,,,,,,,,,,,,,,,,,,,,,,,,,,,,,,,,,,,,,,,,,,,,,,,,,,,,,,,,,,,,,,,,,,,,,,,,,,,,,,,,,,,,85,,,,,,,,,,,,
kna,St. Kitts and Nevis,,,,,,,,,,,,,,,,,,,,,,,,,,,,,,,,,,,,,,,,,,,,,,,,,,,,,,,,,,,,,,,,,,,,,,,,,,,,,,,,,,,,,,,,,,1300,,,,,,,,,,100,,,,,,,,,,,,,,,,,,,,,
kor,South Korea,,,,,,,,,,,,,,,,,,,,,,,,,,,,,,,,,,,,,,,,,,,,,,,,,,,,,,,,,,,,,,,,,43000,23214,65630,,,,,,326000,,,,,,,,,,,,,,,154000,,,,1500,181,8496,86,2600,28500,115,123376,6314,4137,,,15000,3077,1840,,600,,,,2000,,,,,,,,,
kwt,Kuwait,,,,,,,,,,,,,,,,,,,,,,,,,,,,,,,,,,,,,,,,,,,,,,,,,,,,,,,,,,,,,,,,,,,,,,,,,,,,,,,,,,,,,,,,,,,,,,,,,,,,,,,,,,,,,,,,,,,,,,,,,
lao,Lao,,,,,,,,,,,,,,,,,,,,,,,,,,,,,,,,,,,,,,,,,,,,,,,,,,,,,,,,,,,,,,,,,,,2000,,600,,,15000,,,,,,,,,,,,,,,,,,,,,,,,1000000,,,,,,,,,,,,,,,,,,,,45,,,,,
lbn,Lebanon,,,,,,,,,,,,,,,,,,,,,,,,,,,,,,,,,,,,,,,,,,,,,,,,,,,,,,,,,,,,,,,,,,,,,,,,,,,,,,,,,,,,,,,,,,,,,4000,,,,,,,,,,,,,,,,,,,,,,,,,,,,
lbr,Liberia,,,,,,,,,,,,,,,,,,,,,,,,,,,,,,,,,,,,,,,,,,,,,,,,,,,,,,,,,,,,,,,,,,,,,,,,,,,,,,,,,,,,,,,,,,,,,,,,2000,,,,,,,,,,,,3500,340,,,,,,,,,,,,
lby,Libya,,,,,,,,,,,,,,,,,,,,,,,,,,,,,,,,,,,,,,,,,,,,,,,,,,,,,,,,,,,,,,,,5000,,,,,,,,,,,,,,,,,,,,,,,,,,,,,,,,,,,,,,,,,,,,,,,,,,,,,,,,,
lca,St. Lucia,,,,,,,,,,,,,,,,,,,,,,,,,,,,,,,,,,,,,,,,,,,,,,,,,,,,,,,,,,,,,,,,,,,,,,,,,,,,,,,,,10000,,,,,,,,,,,,,,150,,,,,200,,,,,,,,,,,,,,,,,,,,,
lka,Sri Lanka,,,,,,,,,,,,,,,,,,,,,,,,,,,,,,,,,,,,,,,,,,,,,,,,,,,,,,,,,,,,,,,,,100000,,100000,,,,,,,,,,,,,,,,,250000,390000,,,,,200000,,197151,261140,40000,728150,120000,10000,,75000,375000,,160,,,480000,,,,,60000,,1060273,69000,3861,330,,,,,,
lso,Lesotho,,,,,,,,,,,,,,,,,,,,,,,,,,,,,,,,,,,,,,,,,,,,,,,,,,,,,,,,,,,,,,,,,,,,,,,,,,,,,,,,,,,,,,,,,,,,,,,,,20,,,,,1000,,,,,,,,,,,,,2600,,,,,,
ltu,Lithuania,,,,,,,,,,,,,,,,,,,,,,,,,,,,,,,,,,,,,,,,,,,,,,,,,,,,,,,,,,,,,,,,,,,,,,,,,,,,,,,,,,,,,,,,,,,,,,,,,,,,,,,,,,,,,,,,,,,,,,,,,
lux,Luxembourg,,,,,,,,,,,,,,,,,,,,,,,,,,,,,,,,,,,,,,,,,,,,,,,,,,,,,,,,,,,,,,,,,,,,,,,,,,,,,,,,,,,,,,,,,,,,,,,,,,,,,,,,,,,,,,,,,,,,,,,,,
lva,Latvia,,,,,,,,,,,,,,,,,,,,,,,,,,,,,,,,,,,,,,,,,,,,,,,,,,,,,,,,,,,,,,,,,,,,,,,,,,,,,,,,,,,,,,,,,,,,,,,,,,,,,,,,,,,,,,,,,,,,,,,,,
mar,Morocco,,,,,,,,,,,,,,,,,,,,,,,,,,,,,,,,,,,,,,,,,,,,,,,,,,,,,,,,,,,,,,,,,,,,,,,,,,,,,,38000,,732,,,2216,,,,,,,,,,,,,,,,,,,,,,12539,,,,,,,,,,,,,,,,
mda,Moldova,,,,,,,,,,,,,,,,,,,,,,,,,,,,,,,,,,,,,,,,,,,,,,,,,,,,,,,,,,,,,,,,,,,,,,,,,,,,,,,,,,,,,,,,,,,,,,,25500,,,96,,753,,,,,,,,,,,,,,,,,,,,,
mdg,Madagascar,,,,,,,,,,,,,,,,,,,,,,,,,,,,,,,,,,,,,,,,,,,,,,,,,,,,,,,,,,,,,,,,,,,,,10000,3000,,,10000,,,,8850,,,,,,70000,,,,,,,,,125000,,,40000,,,80000,,,,,5000,51605,258450,8877,404,12000,194338,8102,,25845,,,1736,206400,,,,,
mdv,Maldives,,,,,,,,,,,,,,,,,,,,,,,,,,,,,,,,,,,,,,,,,,,,,,,,,,,,,,,,,,,,,,,,,,,,,,,,,,,,,,,,,,,,,,,,,,,,23849,,,,,,,,,,,,,13000,,,,,,,,,,,,,,,,
mex,Mexico,,,,,,,,,,,,,,,,,,,,,,,,,,,,,,,,,2000,,,,,,,,,,,,,,,,,,,,,,,,,,,,,,,,,,10000,,,,,,,,,,100000,,,,,,15000,32500,,100000,,200,25000,,,44200,16000,55790,,58275,18750,50000,120,88000,,800,,3000,,300000,,30000,,,,40000,4000,,,741,3000,1600,120,3000,
mkd,North Macedonia,,,,,,,,,,,,,,,,,,,,,,,,,,,,,,,,,,,,,,,,,,,,,,,,,,,,,,,,,,,,,,,,,,,,,,,,,,,,,,,,,,,,,,,,,,,,,,,,,,,,,,,150,,,,,,,,,,,,,,,,,,
mli,Mali,,,,,,,,,,,,,,,,,,,,,,,,,,,,,,,,,,,,,,,,,,,,,,,,,,,,,,,,,,,,,,,,,,,,,,,,,,,,,,,,,,,,,,,,,10000,,,,,,,,,,4650,200,,,,10000,,1860,1000,46162,2500,,,,,,,,,,,,
mmr,Myanmar,,,,,,,,,,,,,,,,,,,,,,,,,,,40000,,,,,,,,,,150000,,,,,,,,,,,,,,,,,,,,,,,,,,,200,,,,,30000,,,,,,,,200000,,54000,,,20000,,,,,,,,,,,,,,12401,,33768,,50000,,3750,,,28200,,,4237,,,,3152,,,,1200,12000,,,1875,
mne,Montenegro,,,,,,,,,,,,,,,,,,,,,,,,,,,,,,,,,,,,,,,,,,,,,,,,,,,,,,,,,,,,,,,,,,,,,,,,,,,,,,,,,,,,,,,,,,,,,,,,,,,,,,,,,,,,,,,,,,,,,,,,,
mng,Mongolia,,,,,,,,,,,,,,,,,,,,,,,,,,,,,,,,,,,,,,,,,,,,,,,,,,,,,,,,,,,,,,,,,,,20000,,,,,,,,,,,,,,,,,,,,,,,,,,,,,,,,,,,,,150,,,,,,,,,,,,,,,,,
moz,Mozambique,,,,,,,,,,,,,,,,,,,,,,,,,,,,,,,,,,,,,,,,,,,,,,,,,,,,,,,,,,,,,,,,,,,,,,,,,,,,,,40000,25000,,,,,,,,,,,,,,,,500000,,,,2500,,1050,,4500,,,9000,1440,3500,58000,6500,,,,,,,1500,,77150,,
mrt,Mauritania,,,,,,,,,,,,,,,,,,,,,,,,,,,,,,,,,,,,,,,,,,,,,,,,,,,,,,,,,,,,,,,,,,,,,,,,,,,,,,,,,,,,,,900,,,,,,,,,,192,,,,20160,,3000,,21000,,,10600,,,,,,,2305,,,,,,,700
mus,Mauritius,,,,,,,,,,,,,,,,,,,,,,,,,,,,,,,,,,,,,,,,,,,,,,,,,,,,,,,,,,,,,,,,,,,,3500,,,,,,,,,,,,5000,,,,,,,,,,,,1500,,,1500,,,,,,,,1000,,,,,,,,,,,,,,,,,,
mwi,Malawi,,,,,,,,,,,,,,,,,,,,,,,,,,,,,,,,,,,,,,,,,,,,,,,,,,,,,,,,,,,,,,,,,,,,,,,,,,,,,,,,,,,,,,,,,,150000,,150000,,,,1300,,,,,,,,1000,,44500,16000,2659,,20550,,,,,,350,2800,,,,
mys,Malaysia,,,,,,,,,,,,,,,,,,,,,,,,,,,,,,,,,,,,,,,,,,,,,,,,,,,,,,,,,,,,,,,,,,,,15000,,,,,,,,,,,,,,,,,,,,,,,,,,5000,,3000,3250,,,,,,,,19296,,,29000,,,,,,,,,,,,,
nam,Namibia,,,,,,,,,,,,,,,,,,,,,,,,,,,,,,,,,,,,,,,,,,,,,,,,,,,,,,,,,,,,,,,,,,,,,,,,,,,,,,,,,,,,,,,,,,,,,,,,,,,,,,,,,,,,,,,,,,,,,,,,,
nga,Nigeria,,,,,,,,,,,,,,,,,,,,,,,,,,,,,,,,,,,,,,,,,,,,,,,,,,,,,,,,,,,,,,,,,,,,,,,,,,,,,,,,,,,,,,,,,301500,,,,,,400000,,,,107000,37000,6300,5802,200,,,3000,10000,,,,,500,,,,,12000,500,,,
nic,Nicaragua,,,,,,,,,,,,,,,,,,,,,,,,,,,,,,,,,,,,,,,,,,,,,,,,,,,,,,,,,,,,,,,,,,,,,260,,,2400,300000,,,,,,,,,,,,,,,,60000,,,,,,,,,,10,7105,5650,,3004,,,5763,,,,,,,,,,,,150,,,
nld,Netherlands,,,,,,,,,,,,,,,,,,,,,,,,,,,,,,,,,,,,,,,,,,,,,,,,,,,,,,,,,,,,,,,,,,,,,,,,,,,,,,,,,,,,,,,,,,,,,,,,,,,,,,,,,,,,,,,,,,,,,,,,,
nor,Norway,,,,,,,,,,,,,,,,,,,,,,,,,,,,,,,,,,,,,,,,,,,,,,,,,,,,,,,,,,,,,,,,,,,,,,,,,,,,,,,,,,,,,,,,,,,,,,,,,,,,,,,,,,,,,,,,,,,,,,,,,
npl,Nepal,,,,,,,,,,,,,,,,,,,,,,,,,,,,,,,,,,,,,,,,,,,,,,,,,,,,,,,,,,,,,,,,,,,,,,,,,,,,,,,700,,35000,,,,,2000,,,,,,,50000,200,,3000,13650,,50000,4000,,,,15575,,,80000,,,,,,,4314,,,,,,,
nzl,New Zealand,,,,,,,,,,,,,,,,,,,,,,,,,,,,,,,,,,,,,,,,,,,,,,,,,,,,,,,,,,,,,,,,,,,,,,,,,,,,,,,,,,,,,,,,,,,,,,,,,,,,,,,,,,400,,,,,,300,,,,,,12,,,
omn,Oman,,,,,,,,,,,,,,,,,,,,,,,,,,,,,,,,,,,,,,,,,,,,,,,,,,,,,,,,,,,,,,,,,,,,,,,,,,,,,,1500,,,,,,,,,,,,,,,,,,,,,,,,,,,,,,,,,,,,,,,,,,,
pak,Pakistan,,,,,,,,,,,,,,,,,,,,,,,,,,,,,,,,,,,,,,,,,,,,,10000,,,,,,,,,,,,,,,,,,,,,,,,,,,,,,5200,,,245000,10000,,,,,,2000,,,,1000000,,,29465,2953515,100,,,,25000,3600,222090,,500,5000,2500,2320,5003500,5600,,,,,,,,,133900,7360,,,,695
pan,Panama,,,,,,,,,,,,,,,,,,,,,,,,,,,,,,,,,,,,,,,,,,,,,,,,,,,,,,,,,,,,,,,,,,,1000,,,,,,,,,,,,,,,,,,,,2500,,2000,,,9000,,,,,,,,395,1000,775,1500,340,,,1290,,,,,,,,,,,,,,
per,Peru,,,,,,,,,,,,,,,,,,,,,,,,,,,,,,,,,,,,,,,,,,,,,,,,,,,,,,1000,,,,,,,,,,,,,49256,10000,,,5000,,75000,,1500,,,300,5000,100,,5000,5000,,,4300,466,840,1000,500,32500,,,,12000,,20780,,,252250,50,125015,,3950,70,,325,,,150,1000,1705,51385,5247,2700,,40,,1295,,
phl,Philippines,,,,,,,,,,,,,,,,,,,,,,,,,,,,,,,,,2500,,,,,,,,,,,,,,,,,,,,,,,,,,,,,,,2000,,8000,90000,,45313,,67200,46500,397647,45000,6441,698,110,15679,22911,61535,540079,11458,329083,29860,1321526,256,6633,325139,66321,161364,1110020,80873,9267,306122,375787,118500,96000,,,9781,125250,100000,3000,83203,8700,,,,54645,110,,,35762,,,3300,,53645,,342165,705
plw,Palau,,,,,,,,,,,,,,,,,,,,,,,,,,,,,,,,,,,,,,,,,,,,,,,,,,,,,,,,,,,,,,,,,,,,,,,,,,,,,,,,,,,,,,,,,,,,,,,,,,,,,,,,,,,,,,,,,1250,,,,,,,,
png,Papua New Guinea,,,,,,,,,,,,,,,,,,,,,,,,,,,,,,,,,,,,,,,,,,,,,,,,,,,,,,,,,,,,,,,,,,,,,,,,,,,,,,,,,,,,,,,,,,,,5000,,65000,46000,,,7500,,38000,5000,200,1000,,,200,22000,,,,,,,,,,,,,350,
pol,Poland,,,,,,,,,,,,,,,,,,,,,,,,,,,,,,,,,,,,,,,,,,,,,,,,,,,,,,,,,,,,,,,,,,,,,,,,,,,,,,,,,,,1824,,,,,,,,,,,,,,,62000,,,,,,,,,,,,,,,,,,,,,,,
prk,North Korea,,,,,,,,,,,,,,,,,,,,,,,,,,,,,,,,,,,,,,,,,,,,,,,,,,,,,,,,,,,,,,,,,,,,,,,,,,,,,,,,,,,,,,,,,,,,,,,,500000,,29000,,2905,147000,30000,19637,,199255,16093,84500,171649,,,,,33500,48688,,,,,,,
prt,Portugal,,,,,,,,,,,,,,,,,,,,,,,,,,,,,,,,,,,,,,,,,,,,,,,,,,,,,,,,,,,,,,,,,,,,,,,,,,,,,,,,10000,,,,,,,,,,,,,,,,,,200,,,60,200,60,,,,,,38,,,,,46,,,462,2700,,,
pry,Paraguay,,,,,,,,,,,,,,,,,,,,,,,,,,,,,,,,,,,,,,,,,,,,,,,,,,,,,,,,,,,,,,,,,,,2500,,,,,,,,,,,,,70000,,,,,,,,,15000,,,,,,,,,,,,,,12500,,,,,,,,,2000,,,,,,,,,
pse,Palestine,,,,,,,,,,,,,,,,,,,,,,,,,,,,,,,,,,,,,,,,,,,,,,,,,,,,,,,,,,,,,,,,,,,,,,,,,,,,,,,,,,,,,,,,,,,,,,,,,,,,,,,,,,,,,,,500,,,,,,,,,,
qat,Qatar,,,,,,,,,,,,,,,,,,,,,,,,,,,,,,,,,,,,,,,,,,,,,,,,,,,,,,,,,,,,,,,,,,,,,,,,,,,,,,,,,,,,,,,,,,,,,,,,,,,,,,,,,,,,,,,,,,,,,,,,,
rou,Romania,,,,,,,,,,,,,,,,,,,,,,,,,,,,,,,,,,,,,,,,,,,,,,,,,,,,,,,,,,,,,,,,,,,,,,,,,,,,,,175000,,,,,,,,,,,,,,12000,,200,5400,5000,,122320,,920,731,,3900,600,,800,5000,,,,,,,,,,,,,,
rus,Russia,,,,,,,,,,,,,,,,,,,,,,,,,,,,,,,,,,,,,,,,,,,,,,,,,,,,,,,,,,,,,,,,,,,,,,,,,,,,,,,,,,,,,,,,,,,,,,,2529,1200,600,,36683,6440,19100,400,1620,1800,1000,,,7500,,,1200,,5752,,,,,,,,
rwa,Rwanda,,,,,,,,,,,,,,,,,,,,,,,,,,,,,,,,,,,,,,,,,,,,,,,,,,,,,,,,,,,,,,,,,,,,,,,,,,,,,,,,,,,,,,,,,,,,,,,,,,,,,,,,7000,,,,,,,5920,,,,,,4000,,,565,945
sau,Saudi Arabia,,,,,,,,,,,,,,,,,,,,,,,,,,,,,,,,,,,,,,,,,,,,,,,,,,,,,,,,,,,,,,,,,,,,,,,,,,,,,,,,,,,,,,5000,,,,,,,,,,,,,,,,,,,,,,,,10000,,,,,,,,,,,
sdn,Sudan,,,,,,,,,,,,,,,,,,,,,,,,,,,,,,,,,,,,,,,,,,,,,,,,,,,,,,,,,,,,,,,,,,,,,,,,,,,,,,,,,,,,30000,,,,,1000000,,,,,2000,,,55700,,100000,45000,,,,,,4780,6000,200000,,,10000,,,,,,110000,25600,11300,,
sen,Senegal,,,,,,,,,,,,,,,,,,,,,,,,,,,,,,,,,,,,,,,,,,,,,,,,,,,,,,,,,,,,,,,,,,,,,,,,,,,,,,,,,,,,,,,,,10000,,,,,,17500,,,,,30000,,,,6492,1000,,,,,,,,,,,,,,,,
sgp,Singapore,,,,,,,,,,,,,,,,,,,,,,,,,,,,,,,,,,,,,,,,,,,,,,,,,,,,,,,,,,,,,,,,,,,,,,,,,,,,,,,,,,,,,,,,,,,,,,,,,,,,,,,,,,,,,,,,,,,,,,,,,
slb,Solomon Islands,,,,,,,,,,,,,,,,,,,,,,,,,,,,,,,,,,,,,,,,,,,,,,,,,,,,,,,,,,,,,,,,,,,,,200,,,,,,,,,,,,,,,,,,60000,,500,,,,,,,,,,,,,,1100,150,,,,,,,590,,,,,400,,,,,
sle,Sierra Leone,,,,,,,,,,,,,,,,,,,,,,,,,,,,,,,,,,,,,,,,,,,,,,,,,,,,,,,,,,,,,,,,,,,,,,,,,,,,,,,,,,,,,,,,,,,,,,,,,,,,,,,,,,,,,,,,,,2257,,,,,,,
slv,El Salvador,,,,,,,,,,,,,,,,,,,,,,,,,,,,,,,,,,,,,,,,,,,,,,,,,,,,,,,,,,,,,,,,,,48000,,,,,,,,,,,,,,,,,2500,,,,250000,,,,,,,,,,,2000,,,,,,,,,,,,15000,2800,,,,,,,50,,,
som,Somalia,,,,,,,,,,,,,,,,,,,,,,,,,,,,,,,,,,,,,,,,,,,,,,,,,,,,,,,,,,,,,,,,,,,,,,,,,,,,,,,,,,,,,,,,30000,,,,,,,,,,230000,,,220000,,,,1500,2500,,2000,,,200,,20000,,,,,,,,
srb,Serbia,,,,,,,,,,,,,,,,,,,,,,,,,,,,,,,,,,,,,,,,,,,,,,,,,,,,,,,,,,,,,,,,,,,,,,,,,,,,,,,,,,,,,,,,,,,,,,,,,,,,,,,,,,,,,,,1470,,,,,,,,,,
ssd,South Sudan,,,,,,,,,,,,,,,,,,,,,,,,,,,,,,,,,,,,,,,,,,,,,,,,,,,,,,,,,,,,,,,,,,,,,,,,,,,,,,,,,,,,,,,,,,,,,,,,,,,,,,,,,,,,,,,,,,,,,,,,,
stp,Sao Tome and Principe,,,,,,,,,,,,,,,,,,,,,,,,,,,,,,,,,,,,,,,,,,,,,,,,,,,,,,,,,,,,,,,,,,,,,,,,,,,,,,,,,,,,,,,,,,,,,,,,,,,,,,,,,,,,,,,,,,,,,,,,,
sur,Suriname,,,,,,,,,,,,,,,,,,,,,,,,,,,,,,,,,,,,,,,,,,,,,,,,,,,,,,,,,,,,,,,,,,,,,,,,,,,,,,,,,,,,,,,,,,,,,,,,,,,,,,,,,,,,,,,,,,,,,,,,,
svk,Slovak Republic,,,,,,,,,,,,,,,,,,,,,,,,,,,,,,,,,,,,,,,,,,,,,,,,,,,,,,,,,,,,,,,,,,,,,,,,,,,,,,,,,,,,,,,,,,,,,,,,,,,756,941,,,,,,,,,,,,,,,,,,,,,
svn,Slovenia,,,,,,,,,,,,,,,,,,,,,,,,,,,,,,,,,,,,,,,,,,,,,,,,,,,,,,,,,,,,,,,,,,,,,,,,,,,,,,,,,,,,,,,,,,,,,,,,,,,700,,,,,,,,,1050,,,,,,,,,,,,,
swe,Sweden,,,,,,,,,,,,,,,,,,,,,,,,,,,,,,,,,,,,,,,,,,,,,,,,,,,,,,,,,,,,,,,,,,,,,,,,,,,,,,,,,,,,,,,,,,,,,,,,,,,,,,,,,,,,,,,,,,,,,,,,,
swz,Eswatini,,,,,,,,,,,,,,,,,,,,,,,,,,,,,,,,,,,,,,,,,,,,,,,,,,,,,,,,,,,,,,,,,,,,,,,,,,,,,,,,,,,,,500,,,,,,,,,,,,,,,,,,,,,260,,,,,,,,,,,,,,,
syc,Seychelles,,,,,,,,,,,,,,,,,,,,,,,,,,,,,,,,,,,,,,,,,,,,,,,,,,,,,,,,,,,,,,,,,,,,,,,,,,,,,,,,,,,,,,,,,,,,,,,,,,110,,,,,,,70,,,,,,,,,,,,,,,,
syr,Syria,,,,,,,,,,,,,,,,,,,,,,,,,,,,,,,,,,,,,,,,,,,,,,,,,,,,,,,,,,,,,,,,,,,,,,,,,,,75000,,,,,,,,,,,,,,,,,,,,,,,,,,,,,,,,,,,,,,,,,,,,,,
tcd,Chad,,,,,,,,,,,,,,,,,,,,,,,,,,,,,,,,,,,,,,,,,,,,,,,,,,,,,,,,,,,,,,,,,,,,,,,,,,,,,,,,,,,,,,500,,,,,,,,,,40343,,,1000,45000,,,,,,,,,6450,5795,,,,,,,,,,,
tgo,Togo,,,,,,,,,,,,,,,,,,,,,,,,,,,,,,,,,,,,,,,,,,,,,,,,,,,,,,,,,,,,,,,,,,,,,,,,,,,,,,,,,,,,,,,,,,,,,,,1500,75000,,,,,,,,,,,,13374,,,,,,,,,,,,,
tha,Thailand,,,,,,,,,,,,,,,,,,,,,,,,,,,,,,,,,,,,,,,,,,,,,,,,,,,,,,,,,,,,,,,,,,,5000,,,,,,,,,,,,,,,,,,,,,,,45000,,37507,27120,30388,62141,56984,,,,200,,4730,36104,,50,,,,1000,,,,,15254,2000,,,,,,
tjk,Tajikistan,,,,,,,,,,,,,,,,,,,,,,,,,,,,,,,,,,,,,,,,,,,,,,,,,,,,,,,,,,,,,,,,,,,,,,,,,,,,,,,,,,,,,,,,,,,,,,60357,1051,,,,916,4503,,150,3490,780,,735,,125,,,1134,,,,425,,,,,,
tkm,Turkmenistan,,,,,,,,,,,,,,,,,,,,,,,,,,,,,,,,,,,,,,,,,,,,,,,,,,,,,,,,,,,,,,,,,,,,,,,,,,,,,,,,,,,,,,,,,,,,,,120,,,,,,,,,,,,,,,,,,,,,,,,,,,
tls,Timor-Leste,,,,,,,,,,,,,,,,,,,,,,,,,,,,,,,,,,,,,,,,,,,,,,,,,,,,,,,,,,,,,,,,,,,,,,,,,,,,,,,,,,,,,,,,,,,,,,,,,,,,,,,,,,,,,,,,,,,,2000,,,,,
ton,Tonga,,,,,,,,,,,,,,,,,,,,,,,,,,,,,,,,,,,,,,,,,,,,,,,,,,,,,,,,,,,,,,,,,,,,,,,,,,200,,,,500,,,,,46500,,,,,,,,500,,,,,,,3000,,,,,,,,,,,,,,,,,,,,,,,
tto,Trinidad and Tobago,,,,,,,,,,,,,,,,,,,,,,,,,,,,,,,,,,,,,,,,,,,,,,,,,,,,,,,,,,,,,,,,,,,,,,,,,,,,,,,,,,,,,,,,,,,,,,10,,,,215,,,,,,,,,,,,,,,,,,,,,,,
tun,Tunisia,,,,,,,,,,,,,,,,,,,,,,,,,,,,,,,,,,,,,,,,,,,,,,,,,,,,,,,,,,,,,,,,,,,,,,,,,,,,,,,,,,,,,,,2500,,,,,,,,,,,,,,,,,,,,,,,,,,,,,,,,,,
tur,Turkey,,,,,,,,,,,,,16620,,51000,,,,,,,,,,1140,6129,,,,,,,,,,,,,,,,,,,,,,,,,,,,,,,,,,,,,,,,,,87000,10000,,,27465,,,,,60000,,2500,1000,,,,33000,,,250,,685,,,,95000,,,48500,9000,,128100,655000,350,,30000,45000,50000,,,36,300,,200,32075,,,,1500,,,,,8000
tuv,Tuvalu,,,,,,,,,,,,,,,,,,,,,,,,,,,,,,,,,,,,,,,,,,,,,,,,,,,,,,,,,,,,,,,,,,,,,,,,,,,,,,,,,,,,,,,,,,,400,,,150,,,,,,,,,,,,,,,,,,,,,,,,,,,
tza,Tanzania,,,,,,,,,,,,,,,,,,,,,,,,,,,,,,,,,,,,,,,,,,,,,,,,,,,,,,,,,,,,,,,,,3900,,,,,,,,,,18000,,,,,,,,,,,,6000,,,,20868,,,280,9500,20000,,2104,,,1835,1050,2000,,,,21500,,1942,,,6776,,,,5000,13933,,,,17500
uga,Uganda,,,,,,,,,,,,,,,,,,,,,,,,,,,,,,,,,,,,,,,,,,,,,,,,,,,,,,,,,,,,,,,,,,,,,,,,,,,,,,,,,,,,,,,,,,,,,,,,,,3500,2200,,10000,300,200,1500,20000,,,282975,,,,,3368,,,,1590,,,,
ukr,Ukraine,,,,,,,,,,,,,,,,,,,,,,,,,,,,,,,,,,,,,,,,,,,,,,,,,,,,,,,,,,,,,,,,,,,,,,,,,,,,,,,,,,,,,,,,,,,,,,,,,,,24340,,,,,,,,,1267,,,,,,1995,,,,,,,
ury,Uruguay,,,,,,,,,,,,,,,,,,,,,,,,,,,,,,,,,,,,,,,,,,,,,,,,,,,,,,,,,,,,,,,,,,,,,,,,,,,,,,,,,,,,,,,2500,,,,,,,,,,,500,,1000,100,,2700,,,,,10000,,,,,,,,,,,,,
usa,USA,,,,,,,84564,,,,,,,,,,,,,,,,,,,,,,,,,,,,,,,,,,,,,,,,,,,,,,270,,,,,,,,,,,,,,,,,,,,,,,,,,,,8900,,15500,6000,5500,20000,,,,25015,,300,250540,300,21030,2000,,400,6644,7209,6374,75898,3409,16101,1035,1542,267,1127,300,1326,,32100,1305,8247,180,12756,8375,109108,3237,444,
uzb,Uzbekistan,,,,,,,,,,,,,,,,,,,,,,,,,,,,,,,,,,,,,,,,,,,,,,,,,,,,,,,,,,,,,,,,,,,,,,,,,,,,,,,,,,,,,,,,,,,,,400,,,,,,,,,,,,,,,,,,,,,,,,,,,,
vct,St. Vincent and the Grenadines,,,,,,,,,,,,,,,,,,,,,,,,,,,,,,,,,,,,,,,,,,,,,,,,,,,,,,,,,,,,,,,,,,,,,,,,,,,,,,,,,500,,,,,,,200,,,,,,,,,,,,,,,,,,,,,,,100,,,500,,,,,,,
ven,Venezuela,,,,,,,,,,,,,,,,,,,,,,,,,,,,,,,,,,,,,,,,,,,,,,,,,,,,,,,,,,,,,,,,,,,,,,,,,,,,,,,,,,,,,,,800,1700,,2000,,,,5500,500,,16500,21500,,122888,,,,200,4080,1650,40,,,,,2000,,,,,,,,,
vnm,Vietnam,,,,,,,,,,,,,,,,,,,,,,,,,,,,,,,,,,,,,,,,,,,,,,,,,,,,,,,,,,,,,,,,,,,70361,,,,,,,,,,,,79000,,664500,,,601360,1000,225000,,352000,,781000,2000,456505,48789,12185,1000,,,383045,44980,143555,11860,23100,,18880,,18205,352680,47525,12660,108635,1620,,297045,2445,,115,6775,1140,,765,2925
vut,Vanuatu,,,,,,,,,,,,,,,,,,,,,,,,,,,,,,,,,,,,,,,,,,,,,,,,,,,,,,,,,,,,,,,,,,,,,,,,,,,,,,,,,,,,,,,,,6600,,,,,7000,,,,,,2000,,295,,,,,,,,,,,,,,,,,,,
wsm,Samoa,,,,,,,,,,,,,,,,,,,,,,,,,,,,,,,,,,,,,,,,,,,,,,,,,,,,,,,,,,,,,,,,,,,,,,,,,,,,,,,,,,,,,,,,,,,25000,3000,,,,,,,,,,,,,,,,,,,,,,,,,,,,,
yem,Yemen,,,,,,,,,,,,,,,,,,,,,,,,,,,,,,,,,,,,,,,,,,3500,,,,,,,,,,,,,,,,,,,,,,,,,,,,20000,,,,2250,,,,,,,,,50000,,,,,,,80000,,70000,,12500,,,114210,,,7500,,,440,,,500,2300,,,,1000,,,,,,,,,,150
zaf,South Africa,,,,,,,,,,,,,,,,,,,,,,,,,,,,,,,,,,,,,,,,,,,,,,,,,,,,,,,,,,,,,,,,,,,,,,,,,,,,,,,,,,185,,,,,,,,,,,,15000,2000,,500,,,8300,650,600,1000,600,15000,,,1600,3500,,,3500,,,,,,6000,,,
zmb,Zambia,,,,,,,,,,,,,,,,,,,,,,,,,,,,,,,,,,,,,,,,,,,,,,,,,,,,,,,,,,,,,,,,,,,,,,,,,,,,,,,,,,,,,,,,,,,,,,,,,,,,,,,,11000,,,,,,,150,,,,20000,,,,,,
zwe,Zimbabwe,,,,,,,,,,,,,,,,,,,,,,,,,,,,,,,,,,,,,,,,,,,,,,,,,,,,,,,,,,,,,,,,,,,,,,,,,,,,,,,,,,,,,,,,,,,,,,,,,,,,,66000,,,,,,,,,,,,,,,475,,12895,,,
